Date,Close
20050801,3.51
20050802,3.51
20050803,3.51
20050804,3.51
20050805,3.51
20050808,3.51
20050809,3.51
20050810,3.51
20050811,3.51
20050812,3.51
20050816,3.5
20050817,3.5
20050818,3.5
20050819,3.5
20050822,3.49
20050823,3.49
20050824,3.5
20050825,3.5
20050826,3.5
20050829,3.5
20050830,3.5
20050831,3.51
20050901,3.51
20050902,3.51
20050905,3.51
20050906,3.53
20050907,3.54
20050908,3.54
20050909,3.59
20050912,3.6
20050913,3.6
20050914,3.61
20050915,3.64
20050916,3.66
20050920,3.7
20050921,3.74
20050922,3.76
20050923,3.79
20050926,3.82
20050927,3.85
20050928,3.86
20050929,3.87
20050930,3.87
20051004,3.87
20051005,3.92
20051006,3.93
20051007,3.92
20051010,3.92
20051011,3.92
20051012,3.93
20051013,3.92
20051014,3.92
20051017,3.92
20051018,3.92
20051019,3.91
20051020,3.89
20051021,3.89
20051024,3.89
20051025,3.89
20051026,3.9
20051027,3.9
20051028,3.9
20051031,3.9
20051101,3.9
20051102,3.9
20051103,3.91
20051104,3.93
20051107,3.93
20051108,3.94
20051109,3.94
20051110,3.94
20051111,3.94
20051114,3.94
20051115,3.94
20051116,3.96
20051117,3.96
20051118,3.95
20051121,3.96
20051122,3.96
20051123,3.96
20051124,3.96
20051125,3.96
20051128,3.95
20051129,3.95
20051130,3.95
20051201,3.96
20051202,3.96
20051205,3.96
20051206,3.97
20051207,3.97
20051208,4.02
20051209,4.03
20051212,4.04
20051213,4.04
20051214,4.05
20051215,4.05
20051216,4.06
20051219,4.07
20051220,4.07
20051221,4.07
20051222,4.07
20051223,4.08
20051226,4.08
20051227,4.09
20051228,4.1
20051229,4.11
20051230,4.12
20060102,4.13
20060103,4.13
20060104,4.13
20060105,4.14
20060106,4.15
20060109,4.15
20060110,4.16
20060111,4.17
20060112,4.18
20060113,4.17
20060116,4.17
20060117,4.17
20060118,4.17
20060119,4.17
20060120,4.17
20060123,4.17
20060124,4.17
20060125,4.18
20060126,4.18
20060127,4.19
20060131,4.2
20060201,4.22
20060202,4.23
20060203,4.24
20060206,4.25
20060207,4.26
20060208,4.27
20060209,4.28
20060210,4.28
20060213,4.28
20060214,4.27
20060215,4.27
20060216,4.28
20060217,4.28
20060220,4.27
20060221,4.27
20060222,4.27
20060223,4.27
20060224,4.27
20060227,4.26
20060228,4.26
20060302,4.26
20060303,4.26
20060306,4.26
20060307,4.27
20060308,4.27
20060309,4.27
20060310,4.27
20060313,4.26
20060314,4.27
20060315,4.26
20060316,4.26
20060317,4.26
20060320,4.26
20060321,4.26
20060322,4.26
20060323,4.26
20060324,4.26
20060327,4.26
20060328,4.26
20060329,4.26
20060330,4.26
20060331,4.27
20060403,4.27
20060404,4.29
20060405,4.29
20060406,4.3
20060407,4.3
20060410,4.3
20060411,4.3
20060412,4.31
20060413,4.34
20060414,4.35
20060417,4.36
20060418,4.36
20060419,4.36
20060420,4.36
20060421,4.37
20060424,4.36
20060425,4.36
20060426,4.37
20060427,4.37
20060428,4.37
20060502,4.37
20060503,4.37
20060504,4.37
20060508,4.37
20060509,4.37
20060510,4.37
20060511,4.37
20060512,4.37
20060515,4.37
20060516,4.37
20060517,4.37
20060518,4.37
20060519,4.37
20060522,4.36
20060523,4.36
20060524,4.36
20060525,4.36
20060526,4.36
20060529,4.36
20060530,4.36
20060601,4.36
20060602,4.36
20060605,4.36
20060607,4.36
20060608,4.43
20060609,4.43
20060612,4.43
20060613,4.43
20060614,4.44
20060615,4.45
20060616,4.46
20060619,4.47
20060620,4.48
20060621,4.5
20060622,4.51
20060623,4.52
20060626,4.54
20060627,4.56
20060628,4.57
20060629,4.57
20060630,4.58
20060703,4.57
20060704,4.57
20060705,4.57
20060706,4.57
20060707,4.57
20060710,4.58
20060711,4.59
20060712,4.6
20060713,4.61
20060714,4.62
20060718,4.62
20060719,4.62
20060720,4.63
20060721,4.63
20060724,4.63
20060725,4.63
20060726,4.63
20060727,4.63
20060728,4.63
20060731,4.63
20060801,4.63
20060802,4.63
20060803,4.63
20060804,4.63
20060807,4.63
20060808,4.63
20060809,4.63
20060810,4.7
20060811,4.7
20060814,4.7
20060816,4.7
20060817,4.7
20060818,4.7
20060821,4.7
20060822,4.7
20060823,4.7
20060824,4.69
20060825,4.69
20060828,4.69
20060829,4.69
20060830,4.69
20060831,4.69
20060901,4.69
20060904,4.69
20060905,4.68
20060906,4.68
20060907,4.68
20060908,4.68
20060911,4.67
20060912,4.67
20060913,4.67
20060914,4.66
20060915,4.66
20060918,4.65
20060919,4.65
20060920,4.65
20060921,4.64
20060922,4.64
20060925,4.64
20060926,4.63
20060927,4.63
20060928,4.63
20060929,4.62
20061002,4.61
20061004,4.61
20061009,4.61
20061010,4.61
20061011,4.61
20061012,4.61
20061013,4.61
20061016,4.61
20061017,4.61
20061018,4.61
20061019,4.6
20061020,4.6
20061023,4.6
20061024,4.6
20061025,4.61
20061026,4.61
20061027,4.6
20061030,4.6
20061031,4.6
20061101,4.6
20061102,4.6
20061103,4.6
20061106,4.6
20061107,4.61
20061108,4.61
20061109,4.61
20061110,4.61
20061113,4.61
20061114,4.61
20061115,4.61
20061116,4.61
20061117,4.61
20061120,4.61
20061121,4.61
20061122,4.62
20061123,4.62
20061124,4.62
20061127,4.62
20061128,4.63
20061129,4.64
20061130,4.65
20061201,4.66
20061204,4.68
20061205,4.69
20061206,4.7
20061207,4.7
20061208,4.7
20061211,4.71
20061212,4.71
20061213,4.71
20061214,4.72
20061215,4.72
20061218,4.73
20061219,4.74
20061220,4.74
20061221,4.77
20061222,4.78
20061226,4.8
20061227,4.82
20061228,4.83
20061229,4.84
20070102,4.85
20070103,4.85
20070104,4.86
20070105,4.86
20070108,4.86
20070109,4.87
20070110,4.87
20070111,4.88
20070112,4.88
20070115,4.9
20070116,4.92
20070117,4.93
20070118,4.93
20070119,4.93
20070122,4.93
20070123,4.93
20070124,4.94
20070125,4.95
20070126,4.96
20070129,4.96
20070130,4.96
20070131,4.96
20070201,4.96
20070202,4.96
20070205,4.96
20070206,4.96
20070207,4.96
20070208,4.96
20070209,4.96
20070212,4.95
20070213,4.95
20070214,4.95
20070215,4.95
20070216,4.95
20070220,4.95
20070221,4.95
20070222,4.95
20070223,4.95
20070226,4.95
20070227,4.94
20070228,4.94
20070302,4.94
20070305,4.94
20070306,4.94
20070307,4.94
20070308,4.94
20070309,4.94
20070312,4.94
20070313,4.94
20070314,4.94
20070315,4.94
20070316,4.94
20070319,4.94
20070320,4.94
20070321,4.94
20070322,4.94
20070323,4.94
20070326,4.94
20070327,4.94
20070328,4.94
20070329,4.94
20070330,4.94
20070402,4.94
20070403,4.94
20070404,4.94
20070405,4.94
20070406,4.94
20070409,4.94
20070410,4.94
20070411,4.94
20070412,4.95
20070413,4.95
20070416,4.95
20070417,4.95
20070418,4.95
20070419,4.95
20070420,4.95
20070423,4.95
20070424,4.96
20070425,4.96
20070426,4.97
20070427,4.98
20070430,4.99
20070502,4.99
20070503,4.99
20070504,4.99
20070507,4.99
20070508,4.99
20070509,5.0
20070510,5.01
20070511,5.01
20070514,5.01
20070515,5.02
20070516,5.03
20070517,5.04
20070518,5.05
20070521,5.05
20070522,5.05
20070523,5.05
20070525,5.05
20070528,5.06
20070529,5.06
20070530,5.06
20070531,5.05
20070601,5.05
20070604,5.04
20070605,5.04
20070607,5.04
20070608,5.04
20070611,5.04
20070612,5.04
20070613,5.04
20070614,5.04
20070615,5.04
20070618,5.04
20070619,5.04
20070620,5.04
20070621,5.04
20070622,5.04
20070625,5.04
20070626,5.03
20070627,5.03
20070628,5.03
20070629,5.02
20070702,5.02
20070703,5.01
20070704,5.01
20070705,5.01
20070706,5.01
20070709,5.01
20070710,5.01
20070711,5.01
20070712,5.06
20070713,5.06
20070716,5.07
20070718,5.07
20070719,5.07
20070720,5.07
20070723,5.07
20070724,5.07
20070725,5.07
20070726,5.07
20070727,5.07
20070730,5.08
20070731,5.08
20070801,5.08
20070802,5.08
20070803,5.08
20070806,5.08
20070807,5.08
20070808,5.09
20070809,5.21
20070810,5.21
20070813,5.21
20070814,5.22
20070816,5.23
20070817,5.23
20070820,5.24
20070821,5.24
20070822,5.25
20070823,5.25
20070824,5.25
20070827,5.26
20070828,5.26
20070829,5.26
20070830,5.27
20070831,5.28
20070903,5.29
20070904,5.3
20070905,5.3
20070906,5.31
20070907,5.32
20070910,5.32
20070911,5.33
20070912,5.34
20070913,5.34
20070914,5.34
20070917,5.34
20070918,5.34
20070919,5.34
20070920,5.34
20070921,5.34
20070927,5.34
20070928,5.34
20071001,5.34
20071002,5.34
20071004,5.34
20071005,5.34
20071008,5.34
20071009,5.34
20071010,5.34
20071011,5.34
20071012,5.34
20071015,5.34
20071016,5.34
20071017,5.34
20071018,5.34
20071019,5.34
20071022,5.34
20071023,5.34
20071024,5.34
20071025,5.34
20071026,5.34
20071029,5.34
20071030,5.34
20071031,5.34
20071101,5.34
20071102,5.34
20071105,5.34
20071106,5.34
20071107,5.34
20071108,5.34
20071109,5.34
20071112,5.34
20071113,5.35
20071114,5.35
20071115,5.35
20071116,5.36
20071119,5.37
20071120,5.38
20071121,5.4
20071122,5.42
20071123,5.44
20071126,5.46
20071127,5.48
20071128,5.49
20071129,5.51
20071130,5.53
20071203,5.56
20071204,5.57
20071205,5.59
20071206,5.61
20071207,5.63
20071210,5.65
20071211,5.66
20071212,5.67
20071213,5.68
20071214,5.69
20071217,5.7
20071218,5.71
20071220,5.73
20071221,5.74
20071224,5.75
20071226,5.76
20071227,5.77
20071228,5.79
20071231,5.8
20080102,5.8
20080103,5.82
20080104,5.83
20080107,5.84
20080108,5.85
20080109,5.85
20080110,5.86
20080111,5.86
20080114,5.86
20080115,5.86
20080116,5.86
20080117,5.86
20080118,5.86
20080121,5.85
20080122,5.85
20080123,5.84
20080124,5.81
20080125,5.78
20080128,5.77
20080129,5.72
20080130,5.67
20080131,5.6
20080201,5.56
20080204,5.51
20080205,5.46
20080211,5.44
20080212,5.43
20080213,5.42
20080214,5.41
20080215,5.35
20080218,5.3
20080219,5.28
20080220,5.26
20080221,5.26
20080222,5.24
20080225,5.23
20080226,5.23
20080227,5.2
20080228,5.2
20080229,5.19
20080303,5.18
20080304,5.18
20080305,5.18
20080306,5.18
20080307,5.18
20080310,5.17
20080311,5.18
20080312,5.18
20080313,5.18
20080314,5.2
20080317,5.22
20080318,5.24
20080319,5.25
20080320,5.26
20080321,5.27
20080324,5.29
20080325,5.31
20080326,5.32
20080327,5.33
20080328,5.33
20080331,5.34
20080401,5.35
20080402,5.36
20080403,5.36
20080404,5.36
20080407,5.36
20080408,5.36
20080410,5.36
20080411,5.36
20080414,5.36
20080415,5.35
20080416,5.35
20080417,5.35
20080418,5.35
20080421,5.35
20080422,5.35
20080423,5.35
20080424,5.34
20080425,5.34
20080428,5.33
20080429,5.33
20080430,5.33
20080502,5.32
20080506,5.32
20080507,5.32
20080508,5.33
20080509,5.34
20080513,5.34
20080514,5.35
20080515,5.35
20080516,5.35
20080519,5.36
20080520,5.36
20080521,5.36
20080522,5.36
20080523,5.36
20080526,5.35
20080527,5.35
20080528,5.35
20080529,5.35
20080530,5.35
20080602,5.35
20080603,5.35
20080604,5.35
20080605,5.35
20080609,5.35
20080610,5.35
20080611,5.35
20080612,5.35
20080613,5.36
20080616,5.36
20080617,5.36
20080618,5.36
20080619,5.36
20080620,5.36
20080623,5.36
20080624,5.36
20080625,5.36
20080626,5.36
20080627,5.36
20080630,5.36
20080701,5.36
20080702,5.36
20080703,5.37
20080704,5.37
20080707,5.38
20080708,5.39
20080709,5.4
20080710,5.4
20080711,5.42
20080714,5.45
20080715,5.48
20080716,5.52
20080717,5.53
20080718,5.55
20080721,5.57
20080722,5.58
20080723,5.59
20080724,5.6
20080725,5.61
20080728,5.62
20080729,5.64
20080730,5.65
20080731,5.66
20080801,5.68
20080804,5.69
20080805,5.7
20080806,5.71
20080807,5.76
20080808,5.75
20080811,5.76
20080812,5.77
20080813,5.78
20080814,5.78
20080818,5.79
20080819,5.79
20080820,5.79
20080821,5.79
20080822,5.79
20080825,5.79
20080826,5.79
20080827,5.79
20080828,5.79
20080829,5.79
20080901,5.79
20080902,5.79
20080903,5.79
20080904,5.79
20080905,5.79
20080908,5.79
20080909,5.79
20080910,5.79
20080911,5.79
20080912,5.79
20080916,5.78
20080917,5.78
20080918,5.78
20080919,5.78
20080922,5.78
20080923,5.78
20080924,5.78
20080925,5.78
20080926,5.8
20080929,5.81
20080930,5.82
20081001,5.83
20081002,5.85
20081006,5.88
20081007,5.91
20081008,5.96
20081009,5.99
20081010,5.97
20081013,5.99
20081014,6.01
20081015,6.03
20081016,6.05
20081017,6.07
20081020,6.09
20081021,6.1
20081022,6.12
20081023,6.13
20081024,6.14
20081027,5.73
20081028,5.81
20081029,5.83
20081030,5.88
20081031,5.87
20081103,5.85
20081104,5.87
20081105,5.87
20081106,5.87
20081107,5.71
20081110,5.68
20081111,5.66
20081112,5.63
20081113,5.61
20081114,5.57
20081117,5.53
20081118,5.5
20081119,5.49
20081120,5.46
20081121,5.44
20081124,5.43
20081125,5.43
20081126,5.43
20081127,5.43
20081128,5.43
20081201,5.43
20081202,5.43
20081203,5.43
20081204,5.43
20081205,5.43
20081208,5.43
20081209,5.42
20081210,5.42
20081211,4.69
20081212,4.7
20081215,4.71
20081216,4.68
20081217,4.49
20081218,4.37
20081219,4.27
20081222,4.24
20081223,4.16
20081224,4.09
20081226,4.02
20081229,3.98
20081230,3.96
20081231,3.95
20090102,3.94
20090105,3.93
20090106,3.91
20090107,3.9
20090108,3.64
20090109,3.3
20090112,3.25
20090113,3.2
20090114,3.16
20090115,3.08
20090116,3.02
20090119,2.99
20090120,2.97
20090121,2.97
20090122,2.97
20090123,2.97
20090128,2.96
20090129,2.95
20090130,2.94
20090202,2.94
20090203,2.93
20090204,2.93
20090205,2.92
20090206,2.91
20090209,2.91
20090210,2.91
20090211,2.91
20090212,2.63
20090213,2.6
20090216,2.59
20090217,2.58
20090218,2.58
20090219,2.56
20090220,2.55
20090223,2.55
20090224,2.54
20090225,2.52
20090226,2.51
20090227,2.5
20090302,2.48
20090303,2.47
20090304,2.47
20090305,2.47
20090306,2.46
20090309,2.45
20090310,2.44
20090311,2.44
20090312,2.44
20090313,2.44
20090316,2.43
20090317,2.43
20090318,2.42
20090319,2.42
20090320,2.42
20090323,2.42
20090324,2.42
20090325,2.42
20090326,2.41
20090327,2.41
20090330,2.41
20090331,2.41
20090401,2.41
20090402,2.41
20090403,2.41
20090406,2.41
20090407,2.41
20090408,2.41
20090409,2.41
20090410,2.41
20090413,2.41
20090414,2.41
20090415,2.41
20090416,2.41
20090417,2.41
20090420,2.41
20090421,2.41
20090422,2.41
20090423,2.41
20090424,2.41
20090427,2.41
20090428,2.41
20090429,2.41
20090430,2.41
20090504,2.41
20090506,2.41
20090507,2.41
20090508,2.41
20090511,2.41
20090512,2.41
20090513,2.41
20090514,2.41
20090515,2.41
20090518,2.41
20090519,2.41
20090520,2.41
20090521,2.41
20090522,2.41
20090525,2.41
20090526,2.41
20090527,2.41
20090528,2.41
20090529,2.41
20090601,2.41
20090602,2.41
20090603,2.41
20090604,2.41
20090605,2.41
20090608,2.41
20090609,2.41
20090610,2.41
20090611,2.41
20090612,2.41
20090615,2.41
20090616,2.41
20090617,2.41
20090618,2.41
20090619,2.41
20090622,2.41
20090623,2.41
20090624,2.41
20090625,2.41
20090626,2.41
20090629,2.41
20090630,2.41
20090701,2.41
20090702,2.41
20090703,2.41
20090706,2.41
20090707,2.41
20090708,2.41
20090709,2.41
20090710,2.41
20090713,2.41
20090714,2.41
20090715,2.41
20090716,2.41
20090717,2.41
20090720,2.41
20090721,2.41
20090722,2.41
20090723,2.41
20090724,2.41
20090727,2.41
20090728,2.41
20090729,2.41
20090730,2.41
20090731,2.41
20090803,2.41
20090804,2.41
20090805,2.41
20090806,2.41
20090807,2.41
20090810,2.41
20090811,2.41
20090812,2.41
20090813,2.42
20090814,2.44
20090817,2.46
20090818,2.48
20090819,2.49
20090820,2.49
20090821,2.5
20090824,2.51
20090825,2.51
20090826,2.52
20090827,2.55
20090828,2.56
20090831,2.57
20090901,2.57
20090902,2.57
20090903,2.57
20090904,2.57
20090907,2.57
20090908,2.57
20090909,2.57
20090910,2.57
20090911,2.58
20090914,2.59
20090915,2.6
20090916,2.61
20090917,2.62
20090918,2.63
20090921,2.64
20090922,2.66
20090923,2.68
20090924,2.69
20090925,2.7
20090928,2.7
20090929,2.71
20090930,2.72
20091001,2.73
20091005,2.74
20091006,2.75
20091007,2.76
20091008,2.77
20091009,2.78
20091012,2.78
20091013,2.78
20091014,2.79
20091015,2.79
20091016,2.79
20091019,2.79
20091020,2.79
20091021,2.79
20091022,2.79
20091023,2.79
20091026,2.79
20091027,2.79
20091028,2.79
20091029,2.79
20091030,2.79
20091102,2.79
20091103,2.79
20091104,2.79
20091105,2.79
20091106,2.79
20091109,2.79
20091110,2.79
20091111,2.79
20091112,2.79
20091113,2.79
20091116,2.79
20091117,2.79
20091118,2.79
20091119,2.79
20091120,2.79
20091123,2.79
20091124,2.79
20091125,2.79
20091126,2.79
20091127,2.79
20091130,2.79
20091201,2.79
20091202,2.79
20091203,2.79
20091204,2.79
20091207,2.79
20091208,2.79
20091209,2.79
20091210,2.79
20091211,2.79
20091214,2.79
20091215,2.79
20091216,2.79
20091217,2.82
20091218,2.84
20091221,2.85
20091222,2.85
20091223,2.85
20091224,2.85
20091228,2.85
20091229,2.85
20091230,2.85
20091231,2.86
20100104,2.86
20100105,2.87
20100106,2.87
20100107,2.88
20100108,2.88
20100111,2.88
20100112,2.88
20100113,2.88
20100114,2.88
20100115,2.88
20100118,2.88
20100119,2.88
20100120,2.88
20100121,2.88
20100122,2.88
20100125,2.88
20100126,2.88
20100127,2.88
20100128,2.88
20100129,2.88
20100201,2.88
20100202,2.88
20100203,2.88
20100204,2.88
20100205,2.88
20100208,2.88
20100209,2.88
20100210,2.88
20100211,2.88
20100212,2.88
20100216,2.88
20100217,2.88
20100218,2.88
20100219,2.88
20100222,2.88
20100223,2.88
20100224,2.88
20100225,2.88
20100226,2.88
20100302,2.88
20100303,2.88
20100304,2.88
20100305,2.88
20100308,2.87
20100309,2.86
20100310,2.86
20100311,2.86
20100312,2.84
20100315,2.83
20100316,2.83
20100317,2.82
20100318,2.81
20100319,2.8
20100322,2.8
20100323,2.8
20100324,2.78
20100325,2.77
20100326,2.76
20100329,2.75
20100330,2.75
20100331,2.75
20100401,2.75
20100402,2.74
20100405,2.73
20100406,2.69
20100407,2.65
20100408,2.62
20100409,2.57
20100412,2.52
20100413,2.5
20100414,2.48
20100415,2.48
20100416,2.48
20100419,2.47
20100420,2.47
20100421,2.47
20100422,2.47
20100423,2.46
20100426,2.46
20100427,2.46
20100428,2.46
20100429,2.46
20100430,2.45
20100503,2.45
20100504,2.45
20100506,2.45
20100507,2.45
20100510,2.45
20100511,2.45
20100512,2.45
20100513,2.46
20100514,2.46
20100517,2.46
20100518,2.46
20100519,2.47
20100520,2.47
20100524,2.47
20100525,2.47
20100526,2.47
20100527,2.47
20100528,2.47
20100531,2.47
20100601,2.47
20100603,2.47
20100604,2.47
20100607,2.47
20100608,2.47
20100609,2.47
20100610,2.46
20100611,2.46
20100614,2.46
20100615,2.46
20100616,2.46
20100617,2.45
20100618,2.45
20100621,2.45
20100622,2.45
20100623,2.46
20100624,2.46
20100625,2.47
20100628,2.47
20100629,2.48
20100630,2.48
20100701,2.49
20100702,2.49
20100705,2.49
20100706,2.49
20100707,2.49
20100708,2.49
20100709,2.62
20100712,2.65
20100713,2.66
20100714,2.67
20100715,2.67
20100716,2.67
20100719,2.67
20100720,2.67
20100721,2.67
20100722,2.66
20100723,2.66
20100726,2.66
20100727,2.66
20100728,2.66
20100729,2.66
20100730,2.66
20100802,2.66
20100803,2.66
20100804,2.66
20100805,2.66
20100806,2.66
20100809,2.66
20100810,2.66
20100811,2.66
20100812,2.66
20100813,2.66
20100816,2.66
20100817,2.66
20100818,2.66
20100819,2.66
20100820,2.66
20100823,2.66
20100824,2.66
20100825,2.66
20100826,2.66
20100827,2.66
20100830,2.66
20100831,2.66
20100901,2.67
20100902,2.68
20100903,2.68
20100906,2.69
20100907,2.69
20100908,2.69
20100909,2.69
20100910,2.69
20100913,2.68
20100914,2.67
20100915,2.67
20100916,2.67
20100917,2.67
20100920,2.67
20100924,2.67
20100927,2.67
20100928,2.67
20100929,2.67
20100930,2.67
20101001,2.67
20101004,2.67
20101005,2.67
20101006,2.67
20101007,2.67
20101008,2.67
20101011,2.67
20101012,2.67
20101013,2.67
20101014,2.67
20101015,2.66
20101018,2.66
20101019,2.66
20101020,2.66
20101021,2.66
20101022,2.66
20101025,2.66
20101026,2.66
20101027,2.66
20101028,2.66
20101029,2.66
20101101,2.66
20101102,2.66
20101103,2.66
20101104,2.66
20101105,2.66
20101108,2.66
20101109,2.66
20101110,2.66
20101111,2.66
20101112,2.66
20101115,2.66
20101116,2.74
20101117,2.76
20101118,2.78
20101119,2.78
20101122,2.79
20101123,2.79
20101124,2.8
20101125,2.8
20101126,2.8
20101129,2.8
20101130,2.8
20101201,2.8
20101202,2.8
20101203,2.8
20101206,2.8
20101207,2.8
20101208,2.8
20101209,2.8
20101210,2.8
20101213,2.8
20101214,2.8
20101215,2.8
20101216,2.8
20101217,2.8
20101220,2.8
20101221,2.8
20101222,2.8
20101223,2.8
20101224,2.8
20101227,2.8
20101228,2.8
20101229,2.8
20101230,2.8
20101231,2.8
20110103,2.8
20110104,2.8
20110105,2.8
20110106,2.8
20110107,2.8
20110110,2.8
20110111,2.8
20110112,2.8
20110113,2.9
20110114,2.93
20110117,2.95
20110118,2.97
20110119,2.98
20110120,2.98
20110121,3.0
20110124,3.01
20110125,3.01
20110126,3.01
20110127,3.01
20110128,3.02
20110131,3.03
20110201,3.04
20110207,3.05
20110208,3.06
20110209,3.07
20110210,3.09
20110211,3.1
20110214,3.11
20110215,3.11
20110216,3.12
20110217,3.13
20110218,3.14
20110221,3.14
20110222,3.15
20110223,3.15
20110224,3.15
20110225,3.15
20110228,3.15
20110302,3.16
20110303,3.16
20110304,3.18
20110307,3.2
20110308,3.23
20110309,3.25
20110310,3.3
20110311,3.32
20110314,3.34
20110315,3.35
20110316,3.36
20110317,3.36
20110318,3.36
20110321,3.37
20110322,3.37
20110323,3.37
20110324,3.37
20110325,3.37
20110328,3.37
20110329,3.37
20110330,3.37
20110331,3.37
20110401,3.37
20110404,3.37
20110405,3.37
20110406,3.37
20110407,3.38
20110408,3.38
20110411,3.38
20110412,3.39
20110413,3.39
20110414,3.39
20110415,3.39
20110418,3.39
20110419,3.39
20110420,3.39
20110421,3.39
20110422,3.4
20110425,3.41
20110426,3.41
20110427,3.42
20110428,3.43
20110429,3.43
20110502,3.43
20110503,3.44
20110504,3.45
20110506,3.45
20110509,3.46
20110511,3.46
20110512,3.46
20110513,3.46
20110516,3.46
20110517,3.46
20110518,3.46
20110519,3.46
20110520,3.46
20110523,3.46
20110524,3.45
20110525,3.45
20110526,3.45
20110527,3.45
20110530,3.45
20110531,3.45
20110601,3.45
20110602,3.45
20110603,3.45
20110607,3.45
20110608,3.45
20110609,3.45
20110610,3.48
20110613,3.51
20110614,3.52
20110615,3.53
20110616,3.53
20110617,3.53
20110620,3.54
20110621,3.54
20110622,3.54
20110623,3.55
20110624,3.55
20110627,3.55
20110628,3.56
20110629,3.56
20110630,3.56
20110701,3.56
20110704,3.56
20110705,3.56
20110706,3.57
20110707,3.57
20110708,3.57
20110711,3.58
20110712,3.59
20110713,3.59
20110714,3.59
20110715,3.59
20110718,3.59
20110719,3.59
20110720,3.59
20110721,3.59
20110722,3.59
20110725,3.59
20110726,3.59
20110727,3.59
20110728,3.59
20110729,3.59
20110801,3.6
20110802,3.6
20110803,3.6
20110804,3.6
20110805,3.6
20110808,3.6
20110809,3.6
20110810,3.59
20110811,3.59
20110812,3.59
20110816,3.59
20110817,3.59
20110818,3.59
20110819,3.59
20110822,3.58
20110823,3.58
20110824,3.58
20110825,3.58
20110826,3.58
20110829,3.58
20110830,3.58
20110831,3.58
20110901,3.58
20110902,3.58
20110905,3.58
20110906,3.58
20110907,3.57
20110908,3.57
20110909,3.57
20110914,3.57
20110915,3.57
20110916,3.57
20110919,3.57
20110920,3.57
20110921,3.57
20110922,3.57
20110923,3.57
20110926,3.57
20110927,3.57
20110928,3.57
20110929,3.57
20110930,3.57
20111004,3.57
20111005,3.57
20111006,3.57
20111007,3.57
20111010,3.57
20111011,3.57
20111012,3.57
20111013,3.57
20111014,3.57
20111017,3.57
20111018,3.57
20111019,3.57
20111020,3.57
20111021,3.57
20111024,3.57
20111025,3.57
20111026,3.57
20111027,3.57
20111028,3.57
20111031,3.57
20111101,3.57
20111102,3.57
20111103,3.57
20111104,3.57
20111107,3.57
20111108,3.57
20111109,3.57
20111110,3.57
20111111,3.57
20111114,3.57
20111115,3.57
20111116,3.57
20111117,3.57
20111118,3.56
20111121,3.55
20111122,3.55
20111123,3.55
20111124,3.55
20111125,3.55
20111128,3.55
20111129,3.55
20111130,3.55
20111201,3.55
20111202,3.55
20111205,3.55
20111206,3.55
20111207,3.55
20111208,3.55
20111209,3.55
20111212,3.55
20111213,3.55
20111214,3.55
20111215,3.55
20111216,3.55
20111219,3.55
20111220,3.55
20111221,3.55
20111222,3.55
20111223,3.55
20111226,3.55
20111227,3.55
20111228,3.55
20111229,3.56
20111230,3.56
20120102,3.56
20120103,3.56
20120104,3.56
20120105,3.56
20120106,3.56
20120109,3.56
20120110,3.56
20120111,3.56
20120112,3.56
20120113,3.56
20120116,3.56
20120117,3.56
20120118,3.56
20120119,3.56
20120120,3.55
20120125,3.55
20120126,3.55
20120127,3.55
20120130,3.55
20120131,3.55
20120201,3.55
20120202,3.55
20120203,3.55
20120206,3.54
20120207,3.54
20120208,3.54
20120209,3.54
20120210,3.54
20120213,3.53
20120214,3.53
20120215,3.52
20120216,3.52
20120217,3.52
20120220,3.52
20120221,3.52
20120222,3.52
20120223,3.52
20120224,3.52
20120227,3.52
20120228,3.52
20120229,3.52
20120302,3.53
20120305,3.53
20120306,3.53
20120307,3.53
20120308,3.53
20120309,3.52
20120312,3.52
20120313,3.52
20120314,3.52
20120315,3.52
20120316,3.52
20120319,3.52
20120320,3.53
20120321,3.53
20120322,3.53
20120323,3.53
20120326,3.53
20120327,3.53
20120328,3.53
20120329,3.53
20120330,3.53
20120402,3.53
20120403,3.53
20120404,3.53
20120405,3.53
20120406,3.53
20120409,3.53
20120410,3.53
20120412,3.53
20120413,3.53
20120416,3.52
20120417,3.52
20120418,3.52
20120419,3.52
20120420,3.52
20120423,3.52
20120424,3.52
20120425,3.52
20120426,3.52
20120427,3.52
20120430,3.52
20120502,3.52
20120503,3.52
20120504,3.52
20120507,3.52
20120508,3.52
20120509,3.52
20120510,3.52
20120511,3.52
20120514,3.52
20120515,3.52
20120516,3.52
20120517,3.52
20120518,3.52
20120521,3.52
20120522,3.52
20120523,3.52
20120524,3.52
20120525,3.51
20120529,3.51
20120530,3.51
20120531,3.51
20120601,3.51
20120604,3.51
20120605,3.51
20120607,3.51
20120608,3.51
20120611,3.51
20120612,3.51
20120613,3.51
20120614,3.51
20120615,3.51
20120618,3.51
20120619,3.51
20120620,3.51
20120621,3.5
20120622,3.5
20120625,3.5
20120626,3.5
20120627,3.5
20120628,3.5
20120629,3.5
20120702,3.5
20120703,3.5
20120704,3.5
20120705,3.5
20120706,3.5
20120709,3.5
20120710,3.49
20120711,3.49
20120712,3.27
20120713,3.25
20120716,3.23
20120717,3.22
20120718,3.21
20120719,3.2
20120720,3.18
20120723,3.17
20120724,3.15
20120725,3.14
20120726,3.13
20120727,3.13
20120730,3.13
20120731,3.13
20120801,3.12
20120802,3.12
20120803,3.11
20120806,3.11
20120807,3.08
20120808,3.08
20120809,3.08
20120810,3.09
20120813,3.09
20120814,3.09
20120816,3.1
20120817,3.11
20120820,3.11
20120821,3.11
20120822,3.11
20120823,3.11
20120824,3.11
20120827,3.11
20120828,3.11
20120829,3.1
20120830,3.1
20120831,3.09
20120903,3.08
20120904,3.08
20120905,3.07
20120906,3.07
20120907,3.07
20120910,3.07
20120911,3.06
20120912,3.06
20120913,3.06
20120914,3.07
20120917,3.07
20120918,3.08
20120919,3.07
20120920,3.07
20120921,3.06
20120924,3.06
20120925,3.05
20120926,3.05
20120927,3.05
20120928,3.05
20121002,3.05
20121004,3.05
20121005,3.04
20121008,3.04
20121009,3.04
20121010,3.04
20121011,2.84
20121012,2.84
20121015,2.83
20121016,2.83
20121017,2.83
20121018,2.83
20121019,2.83
20121022,2.83
20121023,2.83
20121024,2.83
20121025,2.82
20121026,2.82
20121029,2.82
20121030,2.82
20121031,2.82
20121101,2.82
20121102,2.82
20121105,2.82
20121106,2.82
20121107,2.82
20121108,2.82
20121109,2.82
20121112,2.82
20121113,2.82
20121114,2.82
20121115,2.82
20121116,2.82
20121119,2.82
20121120,2.82
20121121,2.82
20121122,2.82
20121123,2.82
20121126,2.82
20121127,2.82
20121128,2.82
20121129,2.82
20121130,2.82
20121203,2.82
20121204,2.82
20121205,2.82
20121206,2.82
20121207,2.83
20121210,2.83
20121211,2.84
20121212,2.84
20121213,2.85
20121214,2.85
20121217,2.86
20121218,2.86
20121220,2.86
20121221,2.86
20121224,2.87
20121226,2.87
20121227,2.87
20121228,2.87
20121231,2.87
20130102,2.87
20130103,2.87
20130104,2.86
20130107,2.85
20130108,2.84
20130109,2.83
20130110,2.83
20130111,2.82
20130114,2.82
20130115,2.82
20130116,2.82
20130117,2.82
20130118,2.82
20130121,2.82
20130122,2.82
20130123,2.82
20130124,2.82
20130125,2.82
20130128,2.82
20130129,2.82
20130130,2.82
20130131,2.81
20130201,2.81
20130204,2.81
20130205,2.81
20130206,2.81
20130207,2.8
20130208,2.8
20130212,2.8
20130213,2.8
20130214,2.8
20130215,2.8
20130218,2.79
20130219,2.78
20130220,2.78
20130221,2.78
20130222,2.78
20130225,2.77
20130226,2.77
20130227,2.77
20130228,2.77
20130304,2.76
20130305,2.76
20130306,2.76
20130307,2.76
20130308,2.76
20130311,2.77
20130312,2.77
20130313,2.76
20130314,2.76
20130315,2.76
20130318,2.76
20130319,2.76
20130320,2.76
20130321,2.76
20130322,2.76
20130325,2.76
20130326,2.76
20130327,2.76
20130328,2.76
20130329,2.75
20130401,2.75
20130402,2.74
20130403,2.74
20130404,2.73
20130405,2.73
20130408,2.72
20130409,2.72
20130410,2.73
20130411,2.73
20130412,2.75
20130415,2.76
20130416,2.76
20130417,2.76
20130418,2.75
20130419,2.75
20130422,2.76
20130423,2.77
20130424,2.77
20130425,2.77
20130426,2.77
20130429,2.76
20130430,2.76
20130502,2.76
20130503,2.75
20130506,2.76
20130507,2.77
20130508,2.77
20130509,2.62
20130510,2.64
20130513,2.65
20130514,2.66
20130515,2.67
20130516,2.67
20130520,2.67
20130521,2.66
20130522,2.67
20130523,2.67
20130524,2.67
20130527,2.67
20130528,2.67
20130529,2.67
20130530,2.68
20130531,2.68
20130603,2.68
20130604,2.67
20130605,2.67
20130607,2.67
20130610,2.67
20130611,2.67
20130612,2.67
20130613,2.67
20130614,2.67
20130617,2.67
20130618,2.67
20130619,2.67
20130620,2.68
20130621,2.69
20130624,2.69
20130625,2.69
20130626,2.69
20130627,2.69
20130628,2.69
20130701,2.68
20130702,2.68
20130703,2.68
20130704,2.67
20130705,2.66
20130708,2.66
20130709,2.65
20130710,2.65
20130711,2.65
20130712,2.65
20130715,2.65
20130716,2.65
20130717,2.65
20130718,2.65
20130719,2.65
20130722,2.65
20130723,2.65
20130724,2.65
20130725,2.65
20130726,2.65
20130729,2.65
20130730,2.65
20130731,2.66
20130801,2.66
20130802,2.66
20130805,2.65
20130806,2.65
20130807,2.65
20130808,2.65
20130809,2.65
20130812,2.65
20130813,2.65
20130814,2.66
20130816,2.66
20130819,2.66
20130820,2.66
20130821,2.66
20130822,2.66
20130823,2.66
20130826,2.66
20130827,2.66
20130828,2.66
20130829,2.66
20130830,2.66
20130902,2.66
20130903,2.66
20130904,2.66
20130905,2.66
20130906,2.66
20130909,2.66
20130910,2.66
20130911,2.66
20130912,2.66
20130913,2.66
20130916,2.65
20130917,2.65
20130923,2.65
20130924,2.65
20130925,2.66
20130926,2.66
20130927,2.65
20130930,2.65
20131001,2.66
20131002,2.66
20131004,2.66
20131007,2.66
20131008,2.65
20131010,2.65
20131011,2.65
20131014,2.65
20131015,2.65
20131016,2.65
20131017,2.65
20131018,2.65
20131021,2.65
20131022,2.65
20131023,2.65
20131024,2.65
20131025,2.65
20131028,2.65
20131029,2.65
20131030,2.65
20131031,2.65
20131101,2.65
20131104,2.65
20131105,2.65
20131106,2.65
20131107,2.65
20131108,2.64
20131111,2.65
20131112,2.65
20131113,2.65
20131114,2.65
20131115,2.65
20131118,2.64
20131119,2.64
20131120,2.64
20131121,2.65
20131122,2.65
20131125,2.65
20131126,2.65
20131127,2.65
20131128,2.65
20131129,2.65
20131202,2.65
20131203,2.65
20131204,2.65
20131205,2.65
20131206,2.65
20131209,2.65
20131210,2.65
20131211,2.65
20131212,2.65
20131213,2.65
20131216,2.65
20131217,2.65
20131218,2.65
20131219,2.65
20131220,2.65
20131223,2.65
20131224,2.66
20131226,2.66
20131227,2.66
20131230,2.65
20131231,2.66
20140102,2.66
20140103,2.65
20140106,2.65
20140107,2.65
20140108,2.64
20140109,2.65
20140110,2.65
20140113,2.64
20140114,2.64
20140115,2.65
20140116,2.65
20140117,2.65
20140120,2.65
20140121,2.65
20140122,2.65
20140123,2.65
20140124,2.65
20140127,2.65
20140128,2.65
20140129,2.66
20140203,2.65
20140204,2.65
20140205,2.65
20140206,2.65
20140207,2.65
20140210,2.65
20140211,2.65
20140212,2.65
20140213,2.65
20140214,2.65
20140217,2.65
20140218,2.65
20140219,2.65
20140220,2.65
20140221,2.65
20140224,2.65
20140225,2.65
20140226,2.65
20140227,2.65
20140228,2.65
20140303,2.65
20140304,2.65
20140305,2.65
20140306,2.65
20140307,2.65
20140310,2.65
20140311,2.65
20140312,2.65
20140313,2.65
20140314,2.65
20140317,2.65
20140318,2.65
20140319,2.65
20140320,2.65
20140321,2.65
20140324,2.65
20140325,2.65
20140326,2.65
20140327,2.65
20140328,2.65
20140331,2.65
20140401,2.65
20140402,2.65
20140403,2.65
20140404,2.65
20140407,2.65
20140408,2.65
20140409,2.65
20140410,2.65
20140411,2.65
20140414,2.65
20140415,2.65
20140416,2.65
20140417,2.65
20140418,2.65
20140421,2.65
20140422,2.65
20140423,2.65
20140424,2.65
20140425,2.65
20140428,2.65
20140429,2.65
20140430,2.65
20140502,2.65
20140507,2.65
20140508,2.65
20140509,2.65
20140512,2.65
20140513,2.65
20140514,2.65
20140515,2.65
20140516,2.65
20140519,2.65
20140520,2.65
20140521,2.65
20140522,2.65
20140523,2.65
20140526,2.65
20140527,2.65
20140528,2.65
20140529,2.65
20140530,2.65
20140602,2.65
20140603,2.65
20140605,2.65
20140609,2.65
20140610,2.65
20140611,2.65
20140612,2.65
20140613,2.65
20140616,2.64
20140617,2.64
20140618,2.64
20140619,2.64
20140620,2.64
20140623,2.64
20140624,2.64
20140625,2.64
20140626,2.64
20140627,2.64
20140630,2.64
20140701,2.64
20140702,2.64
20140703,2.63
20140704,2.62
20140707,2.61
20140708,2.61
20140709,2.61
20140710,2.61
20140711,2.6
20140714,2.59
20140715,2.58
20140716,2.58
20140717,2.56
20140718,2.54
20140721,2.53
20140722,2.52
20140723,2.52
20140724,2.51
20140725,2.5
20140728,2.5
20140729,2.5
20140730,2.5
20140731,2.5
20140801,2.5
20140804,2.5
20140805,2.49
20140806,2.49
20140807,2.49
20140808,2.49
20140811,2.49
20140812,2.49
20140813,2.48
20140814,2.37
20140818,2.37
20140819,2.36
20140820,2.36
20140821,2.35
20140822,2.35
20140825,2.36
20140826,2.35
20140827,2.35
20140828,2.35
20140829,2.35
20140901,2.35
20140902,2.35
20140903,2.34
20140904,2.34
20140905,2.34
20140911,2.34
20140912,2.32
20140915,2.31
20140916,2.3
20140917,2.29
20140918,2.28
20140919,2.28
20140922,2.28
20140923,2.27
20140924,2.27
20140925,2.27
20140926,2.27
20140929,2.27
20140930,2.28
20141001,2.27
20141002,2.25
20141006,2.25
20141007,2.24
20141008,2.24
20141010,2.23
20141013,2.23
20141014,2.23
20141015,2.13
20141016,2.13
20141017,2.13
20141020,2.13
20141021,2.12
20141022,2.12
20141023,2.11
20141024,2.11
20141027,2.1
20141028,2.1
20141029,2.1
20141030,2.1
20141031,2.1
20141103,2.09
20141104,2.08
20141105,2.07
20141106,2.06
20141107,2.05
20141110,2.05
20141111,2.06
20141112,2.07
20141113,2.07
20141114,2.07
20141117,2.07
20141118,2.07
20141119,2.07
20141120,2.07
20141121,2.07
20141124,2.07
20141125,2.06
20141126,2.06
20141127,2.06
20141128,2.07
20141201,2.07
20141202,2.07
20141203,2.08
20141204,2.09
20141205,2.09
20141208,2.1
20141209,2.12
20141210,2.12
20141211,2.12
20141212,2.12
20141215,2.11
20141216,2.12
20141217,2.13
20141218,2.14
20141219,2.15
20141222,2.15
20141223,2.16
20141224,2.16
20141226,2.16
20141229,2.16
20141230,2.15
20141231,2.14
20150102,2.14
20150105,2.13
20150106,2.11
20150107,2.09
20150108,2.09
20150109,2.08
20150112,2.07
20150113,2.04
20150114,2.03
20150115,2.02
20150116,2.03
20150119,2.03
20150120,2.02
20150121,2.02
20150122,2.02
20150123,2.02
20150126,2.02
20150127,2.02
20150128,2.02
20150129,2.02
20150130,2.02
20150202,2.02
20150203,2.02
20150204,2.01
20150205,2.01
20150206,2.01
20150209,2.02
20150210,2.02
20150211,2.02
20150212,2.02
20150213,2.03
20150216,2.03
20150217,2.04
20150223,2.04
20150224,2.04
20150225,2.03
20150226,2.03
20150227,2.04
20150302,2.03
20150303,2.02
20150304,2.02
20150305,2.01
20150306,2.0
20150309,1.99
20150310,1.98
20150311,1.97
20150312,1.86
20150313,1.84
20150316,1.82
20150317,1.81
20150318,1.8
20150319,1.8
20150320,1.79
20150323,1.79
20150324,1.79
20150325,1.79
20150326,1.79
20150327,1.79
20150330,1.79
20150331,1.78
20150401,1.76
20150402,1.75
20150403,1.76
20150406,1.76
20150407,1.75
20150408,1.75
20150409,1.74
20150410,1.74
20150413,1.74
20150414,1.73
20150415,1.73
20150416,1.73
20150417,1.73
20150420,1.73
20150421,1.72
20150422,1.72
20150423,1.72
20150424,1.73
20150427,1.73
20150428,1.74
20150429,1.75
20150430,1.75
20150504,1.76
20150506,1.76
20150507,1.76
20150508,1.76
20150511,1.75
20150512,1.75
20150513,1.76
20150514,1.75
20150515,1.75
20150518,1.75
20150519,1.75
20150520,1.75
20150521,1.75
20150522,1.75
20150526,1.75
20150527,1.75
20150528,1.75
20150529,1.75
20150601,1.74
20150602,1.73
20150603,1.73
20150604,1.73
20150605,1.72
20150608,1.72
20150609,1.71
20150610,1.7
20150611,1.62
20150612,1.6
20150615,1.59
20150616,1.59
20150617,1.59
20150618,1.59
20150619,1.59
20150622,1.59
20150623,1.59
20150624,1.6
20150625,1.6
20150626,1.6
20150629,1.6
20150630,1.6
20150701,1.6
20150702,1.6
20150703,1.6
20150706,1.59
20150707,1.58
20150708,1.57
20150709,1.57
20150710,1.57
20150713,1.56
20150714,1.56
20150715,1.56
20150716,1.55
20150717,1.55
20150720,1.55
20150721,1.55
20150722,1.56
20150723,1.56
20150724,1.56
20150727,1.56
20150728,1.56
20150729,1.56
20150730,1.56
20150731,1.56
20150803,1.56
20150804,1.55
20150805,1.55
20150806,1.55
20150807,1.55
20150810,1.55
20150811,1.55
20150812,1.55
20150813,1.55
20150817,1.55
20150818,1.54
20150819,1.54
20150820,1.54
20150821,1.54
20150824,1.54
20150825,1.55
20150826,1.55
20150827,1.56
20150828,1.56
20150831,1.57
20150901,1.57
20150902,1.57
20150903,1.57
20150904,1.56
20150907,1.55
20150908,1.55
20150909,1.55
20150910,1.55
20150911,1.55
20150914,1.55
20150915,1.55
20150916,1.55
20150917,1.55
20150918,1.55
20150921,1.55
20150922,1.55
20150923,1.55
20150924,1.55
20150925,1.55
20150930,1.55
20151001,1.55
20151002,1.55
20151005,1.54
20151006,1.54
20151007,1.54
20151008,1.54
20151012,1.54
20151013,1.54
20151014,1.54
20151015,1.54
20151016,1.54
20151019,1.54
20151020,1.54
20151021,1.54
20151022,1.54
20151023,1.54
20151026,1.54
20151027,1.55
20151028,1.55
20151029,1.55
20151030,1.55
20151102,1.55
20151103,1.55
20151104,1.55
20151105,1.55
20151106,1.55
20151109,1.57
20151110,1.59
20151111,1.59
20151112,1.59
20151113,1.6
20151116,1.6
20151117,1.6
20151118,1.6
20151119,1.6
20151120,1.61
20151123,1.62
20151124,1.64
20151125,1.66
20151126,1.68
20151127,1.71
20151130,1.74
20151201,1.75
20151202,1.73
20151203,1.72
20151204,1.69
20151207,1.67
20151208,1.66
20151209,1.65
20151210,1.65
20151211,1.65
20151214,1.65
20151215,1.65
20151216,1.66
20151217,1.67
20151218,1.66
20151221,1.66
20151222,1.66
20151223,1.66
20151224,1.67
20151228,1.66
20151229,1.66
20151230,1.66
20151231,1.66
20160104,1.66
20160105,1.64
20160106,1.64
20160107,1.63
20160108,1.62
20160111,1.61
20160112,1.61
20160113,1.61
20160114,1.61
20160115,1.61
20160118,1.6
20160119,1.6
20160120,1.6
20160121,1.6
20160122,1.6
20160125,1.59
20160126,1.59
20160127,1.59
20160128,1.59
20160129,1.59
20160201,1.59
20160202,1.58
20160203,1.57
20160204,1.56
20160205,1.56
20160211,1.55
20160212,1.53
20160215,1.53
20160216,1.54
20160217,1.51
20160218,1.51
20160219,1.51
20160222,1.52
20160223,1.53
20160224,1.53
20160225,1.53
20160226,1.53
20160229,1.53
20160302,1.53
20160303,1.53
20160304,1.53
20160307,1.53
20160308,1.53
20160309,1.53
20160310,1.53
20160311,1.53
20160314,1.54
20160315,1.55
20160316,1.55
20160317,1.55
20160318,1.55
20160321,1.56
20160322,1.56
20160323,1.57
20160324,1.57
20160325,1.57
20160328,1.57
20160329,1.57
20160330,1.56
20160331,1.56
20160401,1.56
20160404,1.55
20160405,1.55
20160406,1.55
20160407,1.54
20160408,1.54
20160411,1.54
20160412,1.54
20160414,1.55
20160415,1.55
20160418,1.55
20160419,1.55
20160420,1.55
20160421,1.55
20160422,1.55
20160425,1.55
20160426,1.55
20160427,1.54
20160428,1.54
20160429,1.54
20160502,1.54
20160503,1.54
20160504,1.53
20160509,1.52
20160510,1.51
20160511,1.51
20160512,1.51
20160513,1.51
20160516,1.51
20160517,1.51
20160518,1.51
20160519,1.52
20160520,1.52
20160523,1.52
20160524,1.52
20160525,1.52
20160526,1.52
20160527,1.52
20160530,1.52
20160531,1.53
20160601,1.52
20160602,1.5
20160603,1.5
20160607,1.5
20160608,1.5
20160609,1.39
20160610,1.35
20160613,1.34
20160614,1.34
20160615,1.33
20160616,1.33
20160617,1.33
20160620,1.34
20160621,1.34
20160622,1.34
20160623,1.35
20160624,1.35
20160627,1.31
20160628,1.3
20160629,1.3
20160630,1.3
20160701,1.3
20160704,1.29
20160705,1.28
20160706,1.28
20160707,1.27
20160708,1.27
20160711,1.27
20160712,1.27
20160713,1.27
20160714,1.27
20160715,1.27
20160718,1.27
20160719,1.27
20160720,1.27
20160721,1.27
20160722,1.27
20160725,1.27
20160726,1.27
20160727,1.27
20160728,1.27
20160729,1.27
20160801,1.27
20160802,1.27
20160803,1.27
20160804,1.27
20160805,1.27
20160808,1.27
20160809,1.27
20160810,1.27
20160811,1.27
20160812,1.27
20160816,1.27
20160817,1.27
20160818,1.27
20160819,1.27
20160822,1.27
20160823,1.27
20160824,1.27
20160825,1.27
20160826,1.27
20160829,1.28
20160830,1.29
20160831,1.29
20160901,1.29
20160902,1.3
20160905,1.3
20160906,1.3
20160907,1.3
20160908,1.3
20160909,1.3
20160912,1.3
20160913,1.31
20160919,1.31
20160920,1.31
20160921,1.31
20160922,1.31
20160923,1.31
20160926,1.31
20160927,1.32
20160928,1.32
20160929,1.32
20160930,1.32
20161004,1.32
20161005,1.33
20161006,1.33
20161007,1.34
20161010,1.34
20161011,1.35
20161012,1.36
20161013,1.36
20161014,1.36
20161017,1.37
20161018,1.37
20161019,1.37
20161020,1.38
20161021,1.39
20161024,1.41
20161025,1.42
20161026,1.42
20161027,1.42
20161028,1.42
20161031,1.42
20161101,1.42
20161102,1.42
20161103,1.42
20161104,1.42
20161107,1.42
20161108,1.42
20161109,1.42
20161110,1.41
20161111,1.41
20161114,1.42
20161115,1.45
20161116,1.46
20161117,1.47
20161118,1.48
20161121,1.5
20161122,1.51
20161123,1.52
20161124,1.56
20161125,1.6
20161128,1.62
20161129,1.62
20161130,1.62
20161201,1.62
20161202,1.6
20161205,1.58
20161206,1.55
20161207,1.54
20161208,1.53
20161209,1.52
20161212,1.52
20161213,1.51
20161214,1.51
20161215,1.5
20161216,1.5
20161219,1.5
20161220,1.49
20161221,1.48
20161222,1.48
20161223,1.48
20161226,1.49
20161227,1.49
20161228,1.48
20161229,1.48
20161230,1.47
20170102,1.47
20170103,1.46
20170104,1.45
20170105,1.43
20170106,1.42
20170109,1.42
20170110,1.41
20170111,1.41
20170112,1.41
20170113,1.41
20170116,1.41
20170117,1.41
20170118,1.41
20170119,1.41
20170120,1.41
20170123,1.41
20170124,1.42
20170125,1.42
20170126,1.43
20170131,1.43
20170201,1.43
20170202,1.43
20170203,1.42
20170206,1.41
20170207,1.41
20170208,1.4
20170209,1.4
20170210,1.4
20170213,1.4
20170214,1.4
20170215,1.4
20170216,1.4
20170217,1.4
20170220,1.4
20170221,1.4
20170222,1.4
20170223,1.4
20170224,1.4
20170227,1.41
20170228,1.41
20170302,1.41
20170303,1.41
20170306,1.41
20170307,1.41
20170308,1.42
20170309,1.43
20170310,1.43
20170313,1.43
20170314,1.43
20170315,1.43
20170316,1.43
20170317,1.43
20170320,1.43
20170321,1.43
20170322,1.43
20170323,1.43
20170324,1.43
20170327,1.43
20170328,1.43
20170329,1.43
20170330,1.42
20170331,1.42
20170403,1.42
20170404,1.41
20170405,1.4
20170406,1.4
20170407,1.4
20170410,1.4
20170411,1.39
20170412,1.38
20170413,1.38
20170414,1.38
20170417,1.38
20170418,1.38
20170419,1.38
20170420,1.38
20170421,1.38
20170424,1.38
20170425,1.39
20170426,1.39
20170427,1.39
20170428,1.38
20170502,1.38
20170504,1.38
20170508,1.38
20170510,1.37
20170511,1.37
20170512,1.36
20170515,1.36
20170516,1.35
20170517,1.35
20170518,1.35
20170519,1.35
20170522,1.35
20170523,1.35
20170524,1.35
20170525,1.35
20170526,1.35
20170529,1.35
20170530,1.35
20170531,1.35
20170601,1.35
20170602,1.35
20170605,1.35
20170607,1.35
20170608,1.35
20170609,1.35
20170612,1.35
20170613,1.36
20170614,1.36
20170615,1.36
20170616,1.36
20170619,1.36
20170620,1.36
20170621,1.36
20170622,1.37
20170623,1.37
20170626,1.37
20170627,1.37
20170628,1.38
20170629,1.38
20170630,1.38
20170703,1.38
20170704,1.38
20170705,1.38
20170706,1.38
20170707,1.37
20170710,1.37
20170711,1.37
20170712,1.37
20170713,1.37
20170714,1.37
20170717,1.37
20170718,1.37
20170719,1.37
20170720,1.37
20170721,1.37
20170724,1.37
20170725,1.37
20170726,1.37
20170727,1.37
20170728,1.37
20170731,1.37
20170801,1.37
20170802,1.37
20170803,1.37
20170804,1.36
20170807,1.36
20170808,1.36
20170809,1.36
20170810,1.36
20170811,1.36
20170814,1.36
20170816,1.36
20170817,1.36
20170818,1.36
20170821,1.36
20170822,1.36
20170823,1.36
20170824,1.36
20170825,1.36
20170828,1.35
20170829,1.35
20170830,1.35
20170831,1.35
20170901,1.35
20170904,1.35
20170905,1.35
20170906,1.35
20170907,1.34
20170908,1.34
20170911,1.34
20170912,1.34
20170913,1.34
20170914,1.34
20170915,1.34
20170918,1.34
20170919,1.35
20170920,1.35
20170921,1.35
20170922,1.35
20170925,1.35
20170926,1.35
20170927,1.36
20170928,1.37
20170929,1.37
20171010,1.37
20171011,1.39
20171012,1.39
20171013,1.39
20171016,1.39
20171017,1.39
20171018,1.39
20171019,1.39
20171020,1.42
20171023,1.43
20171024,1.43
20171025,1.42
20171026,1.42
20171027,1.44
20171030,1.44
20171031,1.45
20171101,1.46
20171102,1.47
20171103,1.48
20171106,1.49
20171107,1.5
20171108,1.51
20171109,1.52
20171110,1.53
20171113,1.54
20171114,1.57
20171115,1.58
20171116,1.59
20171117,1.6
20171120,1.6
20171121,1.61
20171122,1.61
20171123,1.62
20171124,1.62
20171127,1.63
20171128,1.63
20171129,1.63
20171130,1.68
20171201,1.68
20171204,1.67
20171205,1.67
20171206,1.67
20171207,1.67
20171208,1.66
20171211,1.66
20171212,1.66
20171213,1.66
20171214,1.66
20171215,1.67
20171218,1.67
20171219,1.67
20171220,1.67
20171221,1.68
20171222,1.68
20171226,1.69
20171227,1.69
20171228,1.7
20171229,1.7
20180102,1.7
20180103,1.68
20180104,1.67
20180105,1.66
20180108,1.65
20180109,1.65
20180110,1.65
20180111,1.64
20180112,1.64
20180115,1.64
20180116,1.64
20180117,1.64
20180118,1.64
20180119,1.64
20180122,1.64
20180123,1.64
20180124,1.64
20180125,1.64
20180126,1.64
20180129,1.64
20180130,1.64
20180131,1.64
20180201,1.64
20180202,1.64
20180205,1.64
20180206,1.64
20180207,1.64
20180208,1.64
20180209,1.64
20180212,1.64
20180213,1.64
20180214,1.64
20180219,1.64
20180220,1.64
20180221,1.64
20180222,1.64
20180223,1.64
20180226,1.64
20180227,1.64
20180228,1.64
20180302,1.64
20180305,1.64
20180306,1.64
20180307,1.64
20180308,1.64
20180309,1.64
20180312,1.64
20180313,1.64
20180314,1.64
20180315,1.64
20180316,1.64
20180319,1.64
20180320,1.65
20180321,1.65
20180322,1.65
20180323,1.65
20180326,1.65
20180327,1.65
20180328,1.65
20180329,1.65
20180330,1.65
20180402,1.65
20180403,1.65
20180404,1.65
20180405,1.66
20180406,1.66
20180409,1.66
20180410,1.66
20180411,1.66
20180412,1.66
20180413,1.65
20180416,1.65
20180417,1.65
20180418,1.65
20180419,1.65
20180420,1.65
20180423,1.65
20180424,1.65
20180425,1.65
20180426,1.65
20180427,1.65
20180430,1.65
20180502,1.65
20180503,1.65
20180504,1.65
20180508,1.65
20180509,1.65
20180510,1.65
20180511,1.65
20180514,1.65
20180515,1.65
20180516,1.65
20180517,1.65
20180518,1.65
20180521,1.65
20180523,1.65
20180524,1.65
20180525,1.65
20180528,1.65
20180529,1.65
20180530,1.65
20180531,1.65
20180601,1.65
20180604,1.65
20180605,1.65
20180607,1.66
20180608,1.66
20180611,1.66
20180612,1.66
20180614,1.66
20180615,1.67
20180618,1.67
20180619,1.67
20180620,1.67
20180621,1.68
20180622,1.68
20180625,1.68
20180626,1.68
20180627,1.68
20180628,1.68
20180629,1.68
20180702,1.68
20180703,1.68
20180704,1.68
20180705,1.68
20180706,1.68
20180709,1.68
20180710,1.68
20180711,1.68
20180712,1.68
20180713,1.69
20180716,1.69
20180717,1.69
20180718,1.69
20180719,1.69
20180720,1.69
20180723,1.68
20180724,1.68
20180725,1.68
20180726,1.68
20180727,1.68
20180730,1.68
20180731,1.68
20180801,1.68
20180802,1.68
20180803,1.68
20180806,1.68
20180807,1.67
20180808,1.67
20180809,1.67
20180810,1.66
20180813,1.66
20180814,1.66
20180816,1.66
20180817,1.66
20180820,1.66
20180821,1.66
20180822,1.66
20180823,1.66
20180824,1.66
20180827,1.66
20180828,1.66
20180829,1.66
20180830,1.66
20180831,1.66
20180903,1.66
20180904,1.66
20180905,1.65
20180906,1.65
20180907,1.65
20180910,1.65
20180911,1.65
20180912,1.65
20180913,1.66
20180914,1.66
20180917,1.66
20180918,1.67
20180919,1.67
20180920,1.68
20180921,1.69
20180927,1.69
20180928,1.71
20181001,1.71
20181002,1.72
20181004,1.72
20181005,1.72
20181008,1.73
20181010,1.73
20181011,1.73
20181012,1.74
20181015,1.75
20181016,1.75
20181017,1.76
20181018,1.77
20181019,1.77
20181022,1.78
20181023,1.79
20181024,1.79
20181025,1.8
20181026,1.81
20181029,1.81
20181030,1.8
20181031,1.81
20181101,1.81
20181102,1.81
20181105,1.81
20181106,1.8
20181107,1.8
20181108,1.8
20181109,1.8
20181112,1.8
20181113,1.8
20181114,1.8
20181115,1.8
20181116,1.8
20181119,1.8
20181120,1.8
20181121,1.8
20181122,1.81
20181123,1.81
20181126,1.81
20181127,1.81
20181128,1.82
20181129,1.82
20181130,1.85
20181203,1.88
20181204,1.88
20181205,1.88
20181206,1.88
20181207,1.88
20181210,1.88
20181211,1.88
20181212,1.89
20181213,1.89
20181214,1.89
20181217,1.89
20181218,1.89
20181219,1.89
20181220,1.89
20181221,1.89
20181224,1.89
20181226,1.89
20181227,1.9
20181228,1.9
20181231,1.9
20190102,1.9
20190103,1.9
20190104,1.89
20190107,1.88
20190108,1.87
20190109,1.86
20190110,1.85
20190111,1.85
20190114,1.85
20190115,1.85
20190116,1.85
20190117,1.85
20190118,1.85
20190121,1.85
20190122,1.85
20190123,1.85
20190124,1.85
20190125,1.85
20190128,1.85
20190129,1.85
20190130,1.85
20190131,1.86
20190201,1.86
20190207,1.86
20190208,1.86
20190211,1.86
20190212,1.86
20190213,1.86
20190214,1.86
20190215,1.86
20190218,1.86
20190219,1.87
20190220,1.87
20190221,1.87
20190222,1.87
20190225,1.87
20190226,1.87
20190227,1.87
20190228,1.87
20190304,1.87
20190305,1.87
20190306,1.87
20190307,1.87
20190308,1.87
20190311,1.87
20190312,1.87
20190313,1.87
20190314,1.87
20190315,1.87
20190318,1.87
20190319,1.88
20190320,1.88
20190321,1.88
20190322,1.88
20190325,1.88
20190326,1.88
20190327,1.88
20190328,1.87
20190329,1.87
20190401,1.86
20190402,1.86
20190403,1.86
20190404,1.85
20190405,1.85
20190408,1.84
20190409,1.84
20190410,1.84
20190411,1.84
20190412,1.84
20190415,1.84
20190416,1.84
20190417,1.84
20190418,1.84
20190419,1.84
20190422,1.84
20190423,1.84
20190424,1.84
20190425,1.84
20190426,1.83
20190429,1.83
20190430,1.83
20190502,1.82
20190503,1.82
20190507,1.82
20190508,1.82
20190509,1.82
20190510,1.81
20190513,1.81
20190514,1.81
20190515,1.81
20190516,1.81
20190517,1.8
20190520,1.8
20190521,1.8
20190522,1.8
20190523,1.8
20190524,1.79
20190527,1.79
20190528,1.79
20190529,1.79
20190530,1.78
20190531,1.78
20190603,1.76
20190604,1.76
20190605,1.76
20190607,1.76
20190610,1.75
20190611,1.74
20190612,1.73
20190613,1.71
20190614,1.7
20190617,1.7
20190618,1.7
20190619,1.7
20190620,1.69
20190621,1.69
20190624,1.7
20190625,1.7
20190626,1.7
20190627,1.7
20190628,1.7
20190701,1.71
20190702,1.71
20190703,1.7
20190704,1.7
20190705,1.7
20190708,1.7
20190709,1.7
20190710,1.7
20190711,1.69
20190712,1.68
20190715,1.67
20190716,1.67
20190717,1.66
20190718,1.6
20190719,1.58
20190722,1.57
20190723,1.56
20190724,1.55
20190725,1.53
20190726,1.52
20190729,1.52
20190730,1.51
20190731,1.51
20190801,1.5
20190802,1.49
20190805,1.48
20190806,1.47
20190807,1.46
20190808,1.46
20190809,1.46
20190812,1.46
20190813,1.46
20190814,1.45
20190816,1.45
20190819,1.44
20190820,1.44
20190821,1.44
20190822,1.44
20190823,1.44
20190826,1.44
20190827,1.44
20190828,1.45
20190829,1.45
20190830,1.45
20190902,1.45
20190903,1.46
20190904,1.47
20190905,1.48
20190906,1.48
20190909,1.49
20190910,1.49
20190911,1.49
20190916,1.49
20190917,1.49
20190918,1.49
20190919,1.49
20190920,1.5
20190923,1.5
20190924,1.5
20190925,1.51
20190926,1.51
20190927,1.51
20190930,1.51
20191001,1.51
20191002,1.51
20191004,1.51
20191007,1.51
20191008,1.5
20191010,1.5
20191011,1.5
20191014,1.5
20191015,1.5
20191016,1.45
20191017,1.43
20191018,1.42
20191021,1.42
20191022,1.42
20191023,1.42
20191024,1.42
20191025,1.42
20191028,1.43
20191029,1.44
20191030,1.44
20191031,1.44
20191101,1.44
20191104,1.44
20191105,1.45
20191106,1.45
20191107,1.46
20191108,1.46
20191111,1.47
20191112,1.47
20191113,1.48
20191114,1.48
20191115,1.49
20191118,1.49
20191119,1.49
20191120,1.5
20191121,1.5
20191122,1.51
20191125,1.51
20191126,1.51
20191127,1.51
20191128,1.52
20191129,1.53
20191202,1.52
20191203,1.52
20191204,1.52
20191205,1.52
20191206,1.52
20191209,1.52
20191210,1.51
20191211,1.51
20191212,1.51
20191213,1.51
20191216,1.51
20191217,1.51
20191218,1.51
20191219,1.51
20191220,1.51
20191223,1.51
20191224,1.51
20191226,1.51
20191227,1.51
20191230,1.51
20191231,1.51
20200102,1.51
20200103,1.5
20200106,1.48
20200107,1.47
20200108,1.46
20200109,1.45
20200110,1.45
20200113,1.45
20200114,1.44
20200115,1.44
20200116,1.44
20200117,1.44
20200120,1.44
20200121,1.44
20200122,1.44
20200123,1.44
20200128,1.44
20200129,1.43
20200130,1.43
20200131,1.42
20200203,1.4
20200204,1.4
20200205,1.39
20200206,1.39
20200207,1.38
20200210,1.37
20200211,1.36
20200212,1.35
20200213,1.35
20200214,1.35
20200217,1.34
20200218,1.33
20200219,1.32
20200220,1.32
20200221,1.32
20200224,1.31
20200225,1.28
20200226,1.27
20200227,1.26
20200228,1.26
20200302,1.25
20200303,1.25
20200304,1.25
20200305,1.22
20200306,1.22
20200309,1.22
20200310,1.21
20200311,1.2
20200312,1.2
20200313,1.21
20200316,1.21
20200317,1.14
20200318,1.05
20200319,1.05
20200320,1.05
20200323,1.06
20200324,1.08
20200325,1.1
20200326,1.13
20200327,1.16
20200330,1.17
20200331,1.18
20200401,1.18
20200402,1.17
20200403,1.15
20200406,1.13
20200407,1.1
20200408,1.09
20200409,1.08
20200410,1.06
20200413,1.05
20200414,1.05
20200416,1.04
20200417,1.04
20200420,1.03
20200421,1.03
20200422,1.02
20200423,1.02
20200424,1.02
20200427,1.01
20200428,1.01
20200429,1.01
20200504,1.01
20200506,1.01
20200507,1.01
20200508,1.0
20200511,0.98
20200512,0.96
20200513,0.94
20200514,0.94
20200515,0.93
20200518,0.9
20200519,0.89
20200520,0.88
20200521,0.87
20200522,0.86
20200525,0.85
20200526,0.84
20200527,0.83
20200528,0.78
20200529,0.73
20200601,0.7
20200602,0.68
20200603,0.67
20200604,0.67
20200605,0.66
20200608,0.65
20200609,0.65
20200610,0.65
20200611,0.65
20200612,0.65
20200615,0.65
20200616,0.66
20200617,0.66
20200618,0.67
20200619,0.67
20200622,0.67
20200623,0.68
20200624,0.68
20200625,0.68
20200626,0.68
20200629,0.69
20200630,0.69
20200701,0.69
20200702,0.68
20200703,0.67
20200706,0.67
20200707,0.67
20200708,0.66
20200709,0.66
20200710,0.66
20200713,0.65
20200714,0.65
20200715,0.65
20200716,0.65
20200717,0.64
20200720,0.64
20200721,0.63
20200722,0.63
20200723,0.62
20200724,0.61
20200727,0.61
20200728,0.6
20200729,0.59
20200730,0.59
20200731,0.58
20200803,0.58
20200804,0.58
20200805,0.58
20200806,0.58
20200807,0.58
20200810,0.58
20200811,0.58
20200812,0.58
20200813,0.58
20200814,0.58
20200818,0.57
20200819,0.57
20200820,0.57
20200821,0.57
20200824,0.58
20200825,0.59
20200826,0.6
20200827,0.61
20200828,0.61
20200831,0.61
20200901,0.62
20200902,0.62
20200903,0.62
20200904,0.62
20200907,0.63
20200908,0.63
20200909,0.63
20200910,0.63
20200911,0.64
20200914,0.64
20200915,0.65
20200916,0.65
20200917,0.66
20200918,0.66
20200921,0.66
20200922,0.66
20200923,0.67
20200924,0.67
20200925,0.67
20200928,0.68
20200929,0.68
20201005,0.68
20201006,0.68
20201007,0.68
20201008,0.67
20201012,0.67
20201013,0.67
20201014,0.66
20201015,0.66
20201016,0.66
20201019,0.66
20201020,0.65
20201021,0.65
20201022,0.64
20201023,0.64
20201026,0.64
20201027,0.64
20201028,0.64
20201029,0.64
20201030,0.64
20201102,0.64
20201103,0.64
20201104,0.64
20201105,0.64
20201106,0.64
20201109,0.64
20201110,0.64
20201111,0.64
20201112,0.64
20201113,0.64
20201116,0.64
20201117,0.64
20201118,0.64
20201119,0.64
20201120,0.65
20201123,0.66
20201124,0.67
20201125,0.67
20201126,0.67
20201127,0.68
20201130,0.69
20201201,0.7
20201202,0.71
20201203,0.71
20201204,0.72
20201207,0.72
20201208,0.72
20201209,0.72
20201210,0.73
20201211,0.73
20201214,0.74
20201215,0.74
20201216,0.74
20201217,0.75
20201218,0.75
20201221,0.76
20201222,0.76
20201223,0.76
20201224,0.76
20201228,0.78
20201229,0.8
20201230,0.81
20201231,0.81
20210104,0.81
20210105,0.79
20210106,0.76
20210107,0.75
20210108,0.74
20210111,0.74
20210112,0.74
20210113,0.74
20210114,0.74
20210115,0.73
20210118,0.73
20210119,0.73
20210120,0.73
20210121,0.74
20210122,0.74
20210125,0.74
20210126,0.75
20210127,0.75
20210128,0.75
20210129,0.75
20210201,0.75
20210202,0.75
20210203,0.75
20210204,0.75
20210205,0.75
20210208,0.75
20210209,0.74
20210210,0.74
20210215,0.74
20210216,0.74
20210217,0.74
20210218,0.74
20210219,0.73
20210222,0.73
20210223,0.73
20210224,0.73
20210225,0.73
20210226,0.73
20210302,0.73
20210303,0.73
20210304,0.73
20210305,0.73
20210308,0.73
20210309,0.73
20210310,0.73
20210311,0.73
20210312,0.74
20210315,0.75
20210316,0.75
20210317,0.75
20210318,0.75
20210319,0.75
20210322,0.75
20210323,0.76
20210324,0.76
20210325,0.76
20210326,0.76
20210329,0.76
20210330,0.76
20210331,0.76
20210401,0.76
20210402,0.76
20210405,0.76
20210406,0.74
20210407,0.73
20210408,0.72
20210409,0.72
20210412,0.72
20210413,0.72
20210414,0.71
20210415,0.71
20210416,0.71
20210419,0.71
20210420,0.71
20210421,0.7
20210422,0.7
20210423,0.7
20210426,0.7
20210427,0.7
20210428,0.7
20210429,0.7
20210430,0.7
20210503,0.69
20210504,0.69
20210506,0.69
20210507,0.68
20210510,0.67
20210511,0.67
20210512,0.66
20210513,0.66
20210514,0.65
20210517,0.65
20210518,0.65
20210520,0.65
20210521,0.65
20210524,0.65
20210525,0.65
20210526,0.64
20210527,0.64
20210528,0.64
20210531,0.64
20210601,0.64
20210602,0.63
20210603,0.63
20210604,0.62
20210607,0.62
20210608,0.62
20210609,0.62
20210610,0.62
20210611,0.62
20210614,0.62
20210615,0.63
20210616,0.64
20210617,0.64
20210618,0.65
20210621,0.65
20210622,0.66
20210623,0.66
20210624,0.67
20210625,0.7
20210628,0.73
20210629,0.75
20210630,0.77
20210701,0.78
20210702,0.78
20210705,0.78
20210706,0.78
20210707,0.78
20210708,0.76
20210709,0.76
20210712,0.75
20210713,0.75
20210714,0.75
20210715,0.75
20210716,0.77
20210719,0.77
20210720,0.77
20210721,0.77
20210722,0.77
20210723,0.77
20210726,0.76
20210727,0.76
20210728,0.75
20210729,0.76
20210730,0.76
20210802,0.76
20210803,0.76
20210804,0.76
20210805,0.76
20210806,0.76
20210809,0.76
20210810,0.76
20210811,0.76
20210812,0.76
20210813,0.76
20210817,0.76
20210818,0.76
20210819,0.77
20210820,0.77
20210823,0.78
20210824,0.8
20210825,0.82
20210826,0.85
20210827,0.88
20210830,0.89
20210831,0.89
20210901,0.89
20210902,0.89
20210903,0.89
20210906,0.89
20210907,0.89
20210908,0.9
20210909,0.9
20210910,0.91
20210913,0.92
20210914,0.93
20210915,0.94
20210916,0.95
20210917,0.95
20210923,0.96
20210924,0.97
20210927,0.97
20210928,0.97
20210929,0.97
20210930,0.97
20211001,0.97
20211005,0.98
20211006,0.98
20211007,0.99
20211008,1.0
20211012,1.0
20211013,1.01
20211014,1.01
20211015,1.01
20211018,1.02
20211019,1.03
20211020,1.03
20211021,1.03
20211022,1.04
20211025,1.04
20211026,1.05
20211027,1.06
20211028,1.1
20211029,1.11
20211101,1.13
20211102,1.13
20211103,1.13
20211104,1.13
20211105,1.14
20211108,1.15
20211109,1.15
20211110,1.15
20211111,1.17
20211112,1.17
20211115,1.17
20211116,1.17
20211117,1.17
20211118,1.18
20211119,1.19
20211122,1.21
20211123,1.23
20211124,1.25
20211125,1.28
20211126,1.32
20211129,1.33
20211130,1.34
20211201,1.34
20211202,1.34
20211203,1.34
20211206,1.35
20211207,1.35
20211208,1.35
20211209,1.35
20211210,1.35
20211213,1.36
20211214,1.36
20211215,1.36
20211216,1.36
20211217,1.36
20211220,1.36
20211221,1.37
20211222,1.37
20211223,1.37
20211224,1.37
20211227,1.38
20211228,1.38
20211229,1.39
20211230,1.39
20211231,1.41
20220103,1.41
20220104,1.4
20220105,1.4
20220106,1.39
20220107,1.39
20220110,1.39
20220111,1.39
20220112,1.39
20220113,1.39
20220114,1.41
20220117,1.49
20220118,1.5
20220119,1.5
20220120,1.5
20220121,1.5
20220124,1.5
20220125,1.5
20220126,1.5
20220127,1.5
20220128,1.51
20220203,1.51
20220204,1.51
20220207,1.49
20220208,1.48
20220209,1.48
20220210,1.48
20220211,1.47
20220214,1.47
20220215,1.47
20220216,1.47
20220217,1.47
20220218,1.46
20220221,1.46
20220222,1.46
20220223,1.46
20220224,1.46
20220225,1.46
20220228,1.46
20220302,1.46
20220303,1.46
20220304,1.45
20220307,1.45
20220308,1.45
20220310,1.45
20220311,1.45
20220314,1.45
20220315,1.45
20220316,1.45
20220317,1.45
20220318,1.45
20220321,1.45
20220322,1.46
20220323,1.47
20220324,1.47
20220325,1.49
20220328,1.51
20220329,1.54
20220330,1.55
20220331,1.55
20220401,1.54
20220404,1.54
20220405,1.54
20220406,1.54
20220407,1.54
20220408,1.54
20220411,1.54
20220412,1.54
20220413,1.54
20220414,1.57
20220415,1.64
20220418,1.64
20220419,1.65
20220420,1.65
20220421,1.66
20220422,1.66
20220425,1.67
20220426,1.66
20220427,1.66
20220428,1.66
20220429,1.66
20220502,1.66
20220503,1.67
20220504,1.66
20220506,1.66
20220509,1.66
20220510,1.66
20220511,1.67
20220512,1.68
20220513,1.69
20220516,1.7
20220517,1.71
20220518,1.72
20220519,1.73
20220520,1.74
20220523,1.75
20220524,1.77
20220525,1.78
20220526,1.82
20220527,1.93
20220530,1.93
20220531,1.94
20220602,1.95
20220603,1.96
20220607,1.96
20220608,1.96
20220609,1.96
20220610,1.96
20220613,1.97
20220614,2.0
20220615,2.02
20220616,2.08
20220617,2.12
20220620,2.14
20220621,2.14
20220622,2.15
20220623,2.16
20220624,2.18
20220627,2.2
20220628,2.22
20220629,2.24
20220630,2.27
20220701,2.31
20220704,2.34
20220705,2.36
20220706,2.37
20220707,2.38
20220708,2.41
20220711,2.43
20220712,2.44
20220713,2.48
20220714,2.56
20220715,2.58
20220718,2.59
20220719,2.6
20220720,2.59
20220721,2.59
20220722,2.61
20220725,2.6
20220726,2.6
20220727,2.61
20220728,2.63
20220729,2.65
20220801,2.63
20220802,2.65
20220803,2.65
20220804,2.65
20220805,2.66
20220808,2.65
20220809,2.65
20220810,2.66
20220811,2.66
20220812,2.66
20220816,2.67
20220817,2.67
20220818,2.67
20220819,2.67
20220822,2.68
20220823,2.69
20220824,2.71
20220825,2.76
20220826,2.84
20220829,2.85
20220830,2.88
20220831,2.87
20220901,2.88
20220902,2.89
20220905,2.89
20220906,2.88
20220907,2.88
20220908,2.89
20220913,2.88
20220914,2.88
20220915,2.89
20220916,2.9
20220919,2.92
20220920,2.93
20220921,2.93
20220922,2.95
20220923,3.03
20220926,3.07
20220927,3.13
20220928,3.15
20220929,3.16
20220930,3.18
20221004,3.17
20221005,3.17
20221006,3.19
20221007,3.2
20221011,3.23
20221012,3.3
20221013,3.43
20221014,3.45
20221017,3.53
20221018,3.55
20221019,3.6
20221020,3.6
20221021,3.64
20221024,3.73
20221025,3.76
20221026,3.79
20221027,3.83
20221028,3.86
20221031,3.89
20221101,3.9
20221102,3.93
20221103,3.95
20221104,3.96
20221107,3.99
20221108,3.99
20221109,4.01
20221110,4.02
20221111,4.03
20221114,4.02
20221115,4.03
20221116,4.03
20221117,4.04
20221118,4.05
20221121,4.05
20221122,4.05
20221123,4.05
20221124,4.06
20221125,4.06
20221128,4.06
20221129,4.08
20221130,4.08
20221201,4.08
20221202,4.06
20221205,4.02
20221206,4.01
20221207,4.01
20221208,4.01
20221209,4.02
20221212,4.02
20221213,4.02
20221214,4.03
20221215,4.03
20221216,4.03
20221219,4.02
20221220,4.03
20221221,4.04
20221222,4.05
20221223,4.04
20221226,4.05
20221227,4.06
20221228,4.04
20221229,4.04
20221230,4.04
20230102,4.03
20230103,4.0
20230104,3.94
20230105,3.89
20230106,3.85
20230109,3.79
20230110,3.75
20230111,3.73
20230112,3.72
20230113,3.73
20230116,3.74
20230117,3.72
20230118,3.68
20230119,3.64
20230120,3.62
20230125,3.6
20230126,3.59
20230127,3.58
20230130,3.56
20230131,3.54
20230201,3.53
20230202,3.51
20230203,3.49
20230206,3.47
20230207,3.47
20230208,3.47
20230209,3.47
20230210,3.47
20230213,3.49
20230214,3.52
20230215,3.53
20230216,3.55
20230217,3.56
20230220,3.6
20230221,3.61
20230222,3.62
20230223,3.63
20230224,3.63
20230227,3.63
20230228,3.64
20230302,3.66
20230303,3.67
20230306,3.67
20230307,3.65
20230308,3.64
20230309,3.65
20230310,3.65
20230313,3.64
20230314,3.6
20230315,3.57
20230316,3.56
20230317,3.56
20230320,3.56
20230321,3.55
20230322,3.55
20230323,3.55
20230324,3.55
20230327,3.54
20230328,3.53
20230329,3.53
20230330,3.52
20230331,3.5
20230403,3.49
20230404,3.48
20230405,3.48
20230406,3.47
20230407,3.46
20230410,3.45
20230411,3.44
20230412,3.44
20230413,3.44
20230414,3.43
20230417,3.43
20230418,3.43
20230419,3.44
20230420,3.45
20230421,3.46
20230424,3.46
20230425,3.46
20230426,3.47
20230427,3.48
20230428,3.49
20230502,3.5
20230503,3.52
20230504,3.53
20230508,3.54
20230509,3.55
20230510,3.56
20230511,3.57
20230512,3.58
20230515,3.6
20230516,3.62
20230517,3.64
20230518,3.66
20230519,3.69
20230522,3.71
20230523,3.72
20230524,3.74
20230525,3.75
20230526,3.78
20230530,3.8
20230531,3.81
20230601,3.79
20230602,3.78
20230605,3.77
20230607,3.77
20230608,3.77
20230609,3.77
20230612,3.77
20230613,3.76
20230614,3.76
20230615,3.76
20230616,3.76
20230619,3.76
20230620,3.76
20230621,3.76
20230622,3.76
20230623,3.77
20230626,3.77
20230627,3.77
20230628,3.76
20230629,3.77
20230630,3.78
20230703,3.79
20230704,3.79
20230705,3.79
20230706,3.78
20230707,3.78
20230710,3.78
20230711,3.79
20230712,3.79
20230713,3.79
20230714,3.76
20230717,3.76
20230718,3.75
20230719,3.74
20230720,3.73
20230721,3.73
20230724,3.73
20230725,3.73
20230726,3.72
20230727,3.71
20230728,3.71
20230731,3.71
20230801,3.71
20230802,3.7
20230803,3.7
20230804,3.69
20230807,3.69
20230808,3.67
20230809,3.66
20230810,3.67
20230811,3.66
20230814,3.67
20230816,3.67
20230817,3.67
20230818,3.68
20230821,3.67
20230822,3.68
20230823,3.68
20230824,3.69
20230825,3.68
20230828,3.68
20230829,3.69
20230830,3.69
20230831,3.69
20230901,3.69
20230904,3.69
20230905,3.7
20230906,3.7
20230907,3.71
20230908,3.73
20230911,3.73
20230912,3.74
20230913,3.75
20230914,3.76
20230915,3.77
20230918,3.78
20230919,3.79
20230920,3.8
20230921,3.81
20230922,3.83
20230925,3.83
20230926,3.84
20230927,3.85
20231004,3.85
20231005,3.89
20231006,3.89
20231010,3.88
20231011,3.88
20231012,3.87
20231013,3.87
20231016,3.87
20231017,3.87
20231018,3.87
20231019,3.87
20231020,3.89
20231023,3.9
20231024,3.92
20231025,3.92
20231026,3.93
20231027,3.93
20231030,3.94
20231031,3.95
20231101,3.96
20231102,3.95
20231103,3.96
20231106,3.97
20231107,3.97
20231108,3.97
20231109,3.98
20231110,3.98
20231113,3.99
20231114,4.0
20231115,4.0
20231116,3.99
20231117,3.99
20231120,3.99
20231121,3.99
20231122,3.99
20231123,3.99
20231124,4.0
20231127,4.01
20231128,4.01
20231129,4.0
20231130,3.99
20231201,3.98
20231204,3.97
20231205,3.96
20231206,3.95
20231207,3.95
20231208,3.95
20231211,3.95
20231212,3.96
20231213,3.95
20231214,3.94
20231215,3.89
20231218,3.88
20231219,3.87
20231220,3.88
20231221,3.88
20231222,3.88
20231226,3.88
20231227,3.89
20231228,3.89
20231229,3.88
20240102,3.87
20240103,3.85
20240104,3.84
20240105,3.81
20240108,3.78
20240109,3.76
20240110,3.73
20240111,3.7
20240112,3.69
20240115,3.68
20240116,3.67
20240117,3.66
20240118,3.65
20240119,3.65
20240122,3.65
20240123,3.66
20240124,3.66
20240125,3.66
20240126,3.66
20240129,3.66
20240130,3.66
20240131,3.66
20240201,3.67
20240202,3.67
20240205,3.67
20240206,3.67
20240207,3.67
20240208,3.67
20240213,3.67
20240214,3.67
20240215,3.68
20240216,3.68
20240219,3.69
20240220,3.7
20240221,3.7
20240222,3.7
20240223,3.7
20240226,3.71
20240227,3.72
20240228,3.72
20240229,3.72
20240304,3.72
20240305,3.71
20240306,3.71
20240307,3.7
20240308,3.7
20240311,3.7
20240312,3.69
20240313,3.69
20240314,3.68
20240315,3.67
20240318,3.66
20240319,3.66
20240320,3.65
20240321,3.65
20240322,3.65
20240325,3.65
20240326,3.65
20240327,3.64
20240328,3.64
20240329,3.64
20240401,3.63
20240402,3.63
20240403,3.61
20240404,3.6
20240405,3.59
20240408,3.58
20240409,3.57
20240411,3.57
20240412,3.57
20240415,3.56
20240416,3.55
20240417,3.55
20240418,3.55
20240419,3.55
20240422,3.55
20240423,3.55
20240424,3.56
20240425,3.56
20240426,3.57
20240429,3.58
20240430,3.58
20240502,3.58
20240503,3.58
20240507,3.58
20240508,3.58
20240509,3.58
20240510,3.58
20240513,3.59
20240514,3.59
20240516,3.59
20240517,3.59
20240520,3.59
20240521,3.59
20240522,3.59
20240523,3.59
20240524,3.59
20240527,3.59
20240528,3.59
20240529,3.59
20240530,3.59
20240531,3.6
20240603,3.6
20240604,3.6
20240605,3.6
20240607,3.59
20240610,3.59
20240611,3.59
20240612,3.59
20240613,3.59
20240614,3.59
20240617,3.59
20240618,3.59
20240619,3.59
20240620,3.59
20240621,3.59
20240624,3.59
20240625,3.59
20240626,3.59
20240627,3.59
20240628,3.59
20240701,3.59
20240702,3.58
20240703,3.55
20240704,3.52
20240705,3.5
20240708,3.49
20240709,3.47
20240710,3.46
20240711,3.46
20240712,3.46
20240715,3.47
20240716,3.46
20240717,3.46
20240718,3.46
20240719,3.46
20240722,3.46
20240723,3.46
20240724,3.46
20240725,3.45
20240726,3.45
20240729,3.45
20240730,3.45
20240731,3.45
20240801,3.45
20240802,3.45
20240805,3.44
20240806,3.43
20240807,3.42
20240808,3.42
20240809,3.43
20240812,3.43
20240813,3.43
20240814,3.44
20240816,3.44
20240819,3.45
20240820,3.46
20240821,3.46
20240822,3.46
20240823,3.46
20240826,3.47
20240827,3.47
20240828,3.47
20240829,3.48
20240830,3.49
20240902,3.49
20240903,3.5
20240904,3.5
20240905,3.5
20240906,3.5
20240909,3.5
20240910,3.49
20240911,3.49
20240912,3.49
20240913,3.49
20240919,3.49
20240920,3.49
20240923,3.49
20240924,3.49
20240925,3.49
20240926,3.48
20240927,3.48
20240930,3.48
20241002,3.48
20241004,3.48
20241007,3.48
20241008,3.49
20241010,3.48
20241011,3.48
20241014,3.45
20241015,3.44
20241016,3.43
20241017,3.42
20241018,3.41
20241021,3.41
20241022,3.4
20241023,3.4
20241024,3.4
20241025,3.39
20241028,3.39
20241029,3.4
20241030,3.39
20241031,3.4
20241101,3.4
20241104,3.4
20241105,3.4
20241106,3.4
20241107,3.41
20241108,3.4
20241111,3.4
20241112,3.4
20241113,3.4
20241114,3.4
20241115,3.41
20241118,3.41
20241119,3.41
20241120,3.41
20241121,3.41
20241122,3.41
20241125,3.41
20241126,3.41
20241127,3.41
20241128,3.41
20241129,3.3
20241202,3.28
20241203,3.27
20241204,3.27
20241205,3.27
20241206,3.27
20241209,3.27
20241210,3.27
20241211,3.28
20241212,3.29
20241213,3.29
20241216,3.29
20241217,3.31
20241218,3.32
20241219,3.33
20241220,3.33
20241223,3.34
20241224,3.35
20241226,3.36
20241227,3.36
20241230,3.36
20241231,3.36
20250102,3.35
20250103,3.27
20250106,3.22
20250107,3.19
20250108,3.16
20250109,3.13
20250110,3.11
20250113,3.1
20250114,3.09
20250115,3.08
20250116,3.07
20250117,3.06
20250120,3.05
20250121,3.04
20250122,3.04
20250123,3.04
20250124,3.04
20250131,3.04
20250203,3.03
20250204,3.03
20250205,3.02
20250206,3.01
20250207,3.0
20250210,3.0
20250211,3.0
20250212,2.99
20250213,2.99
20250214,2.99
20250217,2.99
20250218,2.99
20250219,2.99
20250220,2.98
20250221,2.97
20250224,2.96
20250225,2.94
20250226,2.9
20250227,2.89
20250228,2.89
20250304,2.89
20250305,2.89
20250306,2.88
20250307,2.88
20250310,2.88
20250311,2.88
20250312,2.87
20250313,2.87
20250314,2.87
20250317,2.87
20250318,2.87
20250319,2.87
20250320,2.86
20250321,2.86
20250324,2.86
20250325,2.86
20250326,2.86
20250327,2.86
20250328,2.86
20250331,2.85
20250401,2.84
20250402,2.84
20250403,2.83
20250404,2.8
20250407,2.79
20250408,2.78
20250409,2.78
20250410,2.77
20250411,2.77
20250414,2.76
20250415,2.76
20250416,2.75
20250417,2.74
20250418,2.74
20250421,2.73
20250422,2.73
20250423,2.73
20250424,2.73
20250425,2.72
20250428,2.72
20250429,2.71
20250430,2.7
20250502,2.7
20250507,2.7
20250508,2.69
20250509,2.68
20250512,2.67
20250513,2.67
20250514,2.67
20250515,2.66
20250516,2.66
20250519,2.66
20250520,2.65
20250521,2.65
20250522,2.65
20250523,2.65
20250526,2.64
20250527,2.64
20250528,2.64
20250529,2.62
20250530,2.61
20250602,2.6
20250604,2.59
20250605,2.59
20250609,2.58
20250610,2.58
20250611,2.57
20250612,2.57
20250613,2.57
20250616,2.57
20250617,2.56
20250618,2.56
20250619,2.56
20250620,2.56
20250623,2.56
20250624,2.56
20250625,2.56
20250626,2.56
20250627,2.56
20250630,2.55
20250701,2.55
20250702,2.54
20250703,2.53
20250704,2.53
20250707,2.53
20250708,2.53
20250709,2.52
20250710,2.52
20250711,2.52
20250714,2.52
20250715,2.52
20250716,2.51
20250717,2.51
20250718,2.51
20250721,2.51
20250722,2.51
20250723,2.51
20250724,2.51
20250725,2.5
20250728,2.51
20250729,2.51
20250730,2.51
20250731,2.51
20250801,2.51
20250804,2.51
20250805,2.5
20250806,2.5
20250807,2.5
20250808,2.5
20250811,2.5
20250812,2.5
20250813,2.5
20250814,2.5
20250818,2.5
20250819,2.49
20250820,2.49
20250821,2.49
20250822,2.49
20250825,2.49
20250826,2.49
20250827,2.49
20250828,2.49
20250829,2.5
20250901,2.5
20250902,2.5
20250903,2.5
20250904,2.5
20250905,2.5
20250908,2.5
20250909,2.5
20250910,2.5
20250911,2.5
20250912,2.5
